{
  "__type__": "cc.Skeleton",
  "_name": "Skin-0",
  "_objFlags": 0,
  "_native": "",
  "_joints": [
    "RootNode/Bip002/Bip002 Pelvis/Bip002 Spine/Bip002 Neck",
    "RootNode/Bip002/Bip002 Pelvis/Bip002 Spine/Bip002 Neck/Bip002 Head",
    "RootNode/Bip002/Bip002 Pelvis/Bip002 Spine",
    "RootNode/Bip002/Bip002 Pelvis/Bip002 Spine/Bip002 L Thigh",
    "RootNode/Bip002/Bip002 Pelvis/Bip002 Spine/Bip002 L Thigh/Bip002 L Calf",
    "RootNode/Bip002/Bip002 Pelvis/Bip002 Spine/Bip002 Neck/Bip002 L Clavicle/Bip002 L UpperArm",
    "RootNode/Bip002/Bip002 Pelvis/Bip002 Spine/Bip002 Neck/Bip002 L Clavicle",
    "RootNode/Bip002/Bip002 Pelvis/Bip002 Spine/Bip002 Neck/Bip002 L Clavicle/Bip002 L UpperArm/Bip002 L Forearm",
    "RootNode/Bip002/Bip002 Pelvis/Bip002 Spine/Bip002 Neck/Bip002 L Clavicle/Bip002 L UpperArm/Bip002 L Forearm/Bip002 L Hand",
    "RootNode/Bip002/Bip002 Pelvis",
    "RootNode/Bip002/Bip002 Pelvis/Bip002 Spine/Bip002 R Thigh",
    "RootNode/Bip002/Bip002 Pelvis/Bip002 Spine/Bip002 R Thigh/Bip002 R Calf",
    "RootNode/Bip002/Bip002 Pelvis/Bip002 Spine/Bip002 Neck/Bip002 R Clavicle",
    "RootNode/Bip002/Bip002 Pelvis/Bip002 Spine/Bip002 Neck/Bip002 R Clavicle/Bip002 R UpperArm",
    "RootNode/Bip002/Bip002 Pelvis/Bip002 Spine/Bip002 Neck/Bip002 R Clavicle/Bip002 R UpperArm/Bip002 R Forearm",
    "RootNode/Bip002/Bip002 Pelvis/Bip002 Spine/Bip002 Neck/Bip002 R Clavicle/Bip002 R UpperArm/Bip002 R Forearm/Bip002 R Hand",
    "RootNode/Bip002/Bip002 Pelvis/Bip002 Spine/Bip002 R Thigh/Bip002 R Calf/Bip002 R Foot"
  ],
  "_bindposes": [
    {
      "__type__": "cc.Mat4",
      "m00": 40.80887222290039,
      "m01": 2.106114387512207,
      "m02": 0.000012498978321673349,
      "m03": 0,
      "m04": -0.000009879026947601233,
      "m05": -0.00005108749246574007,
      "m06": 40.86318588256836,
      "m07": 0,
      "m08": 2.106114387512207,
      "m09": -40.80887222290039,
      "m10": -0.00005051041807746515,
      "m11": 0,
      "m12": -0.224262997508049,
      "m13": -0.0038127517327666283,
      "m14": -0.0004373073752503842,
      "m15": 1
    },
    {
      "__type__": "cc.Mat4",
      "m00": 40.863182067871094,
      "m01": 6.764547949567046e-11,
      "m02": -0.00004822541814064607,
      "m03": 0,
      "m04": 0.00004822541814064607,
      "m05": -0.00005066105586593039,
      "m06": 40.86318588256836,
      "m07": 0,
      "m08": 7.856918241011535e-12,
      "m09": -40.86318588256836,
      "m10": -0.00005066105586593039,
      "m11": 0,
      "m12": -0.238749161362648,
      "m13": 0.00850383285433054,
      "m14": -0.0004369525413494557,
      "m15": 1
    },
    {
      "__type__": "cc.Mat4",
      "m00": 40.11860656738281,
      "m01": 7.7651190757751465,
      "m02": 0.000028194795959279872,
      "m03": 0,
      "m04": -0.000018446506146574393,
      "m05": -0.000053068211855133995,
      "m06": 40.86318588256836,
      "m07": 0,
      "m08": 7.76511812210083,
      "m09": -40.11861038208008,
      "m10": -0.000048595902626402676,
      "m11": 0,
      "m12": -0.1809874325990677,
      "m13": -0.034998562186956406,
      "m14": -0.0004373939009383321,
      "m15": 1
    },
    {
      "__type__": "cc.Mat4",
      "m00": -40.71519088745117,
      "m01": -2.738281726837158,
      "m02": -2.1388649940490723,
      "m03": 0,
      "m04": 2.1196961402893066,
      "m05": 0.3564264178276062,
      "m06": -40.80661392211914,
      "m07": 0,
      "m08": 2.7531468868255615,
      "m09": -40.769775390625,
      "m10": -0.21309266984462738,
      "m11": 0,
      "m12": 0.16245302557945251,
      "m13": 0.010845543816685677,
      "m14": 0.023873886093497276,
      "m15": 1
    },
    {
      "__type__": "cc.Mat4",
      "m00": -40.706932067871094,
      "m01": -2.85837721824646,
      "m02": -2.1388649940490723,
      "m03": 0,
      "m04": 2.1186351776123047,
      "m05": 0.3626803457736969,
      "m06": -40.80661392211914,
      "m07": 0,
      "m08": 2.873403310775757,
      "m09": -40.761474609375,
      "m10": -0.21309518814086914,
      "m11": 0,
      "m12": 0.09238307923078537,
      "m13": 0.011118115857243538,
      "m14": 0.023873886093497276,
      "m15": 1
    },
    {
      "__type__": "cc.Mat4",
      "m00": -21.09432601928711,
      "m01": 2.3398687839508057,
      "m02": 34.91925048828125,
      "m03": 0,
      "m04": 34.75999450683594,
      "m05": -3.341779947280884,
      "m06": 21.222042083740234,
      "m07": 0,
      "m08": 4.070883750915527,
      "m09": 40.65903854370117,
      "m10": -0.26530519127845764,
      "m11": 0,
      "m12": 0.10382150113582611,
      "m13": -0.019467012956738472,
      "m14": -0.1982969045639038,
      "m15": 1
    },
    {
      "__type__": "cc.Mat4",
      "m00": 0.000004904090928903315,
      "m01": -7.797063827514648,
      "m02": 40.11241149902344,
      "m03": 0,
      "m04": 40.86318588256836,
      "m05": -0.00006025521724950522,
      "m06": -0.00001670830897637643,
      "m07": 0,
      "m08": 0.00006233625754248351,
      "m09": 40.11241149902344,
      "m10": 7.79706335067749,
      "m11": 0,
      "m12": -0.003467304864898324,
      "m13": 0.035174980759620667,
      "m14": -0.2215202897787094,
      "m15": 1
    },
    {
      "__type__": "cc.Mat4",
      "m00": -21.19707489013672,
      "m01": 1.062834620475769,
      "m02": 34.91925048828125,
      "m03": 0,
      "m04": 34.89830017089844,
      "m05": -1.2383736371994019,
      "m06": 21.2220401763916,
      "m07": 0,
      "m08": 1.610217571258545,
      "m09": 40.83058547973633,
      "m10": -0.2653052508831024,
      "m11": 0,
      "m12": 0.057100676000118256,
      "m13": -0.01605096645653248,
      "m14": -0.1982969045639038,
      "m15": 1
    },
    {
      "__type__": "cc.Mat4",
      "m00": -21.19707489013672,
      "m01": -34.918392181396484,
      "m02": 1.090639591217041,
      "m03": 0,
      "m04": 34.89830017089844,
      "m05": -21.223018646240234,
      "m06": -1.2214748859405518,
      "m07": 0,
      "m08": 1.610217571258545,
      "m09": 0.29781749844551086,
      "m10": 40.830360412597656,
      "m11": 0,
      "m12": -0.001327887293882668,
      "m13": 0.19828404486179352,
      "m14": -0.016208861023187637,
      "m15": 1
    },
    {
      "__type__": "cc.Mat4",
      "m00": 40.63932800292969,
      "m01": 4.271365642547607,
      "m02": 0.00005709255856345408,
      "m03": 0,
      "m04": -0.00006984158972045407,
      "m05": 0.00011830688163172454,
      "m06": 40.86318588256836,
      "m07": 0,
      "m08": 4.271365165710449,
      "m09": -40.63933181762695,
      "m10": 0.0001249592169187963,
      "m11": 0,
      "m12": -0.1629435122013092,
      "m13": -0.01712605357170105,
      "m14": -0.0004374990239739418,
      "m15": 1
    },
    {
      "__type__": "cc.Mat4",
      "m00": -40.66265106201172,
      "m01": 2.898230791091919,
      "m02": 2.8193187713623047,
      "m03": 0,
      "m04": -2.8323769569396973,
      "m05": -0.08383047580718994,
      "m06": -40.76482009887695,
      "m07": 0,
      "m08": -2.885470151901245,
      "m09": -40.76018524169922,
      "m10": 0.284306138753891,
      "m11": 0,
      "m12": 0.16203580796718597,
      "m13": -0.011650128290057182,
      "m14": -0.02571406587958336,
      "m15": 1
    },
    {
      "__type__": "cc.Mat4",
      "m00": -40.762046813964844,
      "m01": 0.55350261926651,
      "m02": 2.8193185329437256,
      "m03": 0,
      "m04": -2.822859048843384,
      "m05": -0.24667824804782867,
      "m06": -40.76482009887695,
      "m07": 0,
      "m08": -0.5351508259773254,
      "m09": -40.85868835449219,
      "m10": 0.284304141998291,
      "m11": 0,
      "m12": 0.0925162136554718,
      "m13": -0.006336796563118696,
      "m14": -0.02571406587958336,
      "m15": 1
    },
    {
      "__type__": "cc.Mat4",
      "m00": -0.000008410829650529195,
      "m01": -7.797063827514648,
      "m02": -40.11241149902344,
      "m03": 0,
      "m04": -40.86318588256836,
      "m05": -0.00006025521724950522,