{
  "current-scene": "b6d77b01-6fa2-4283-b7e2-0462eed50056",
  "gizmos-infos": {
    "iconGizmoSize": 2,
    "isGridVisible": true,
    "isIconGizmo3D": false
  },
  "camera-infos": {
    "f46876e4-e81b-4931-b493-6d367be385e7": {
      "position": {
        "x": 404.68585164780404,
        "y": 260.2287068983317,
        "z": 62.7924783469427
      },
      "rotation": {
        "w": 0.7409989422043814,
        "x": -0.22512322171038834,
        "y": 0.61024156407256,
        "z": 0.16661638512377785
      },
      "viewCenter": {
        "x": -304.6010530420991,
        "y": -199.0133064694867,
        "z": -68.7111927214863
      }
    }
  },
  "camera-uuids": [
    "f46876e4-e81b-4931-b493-6d367be385e7"
  ],
  "float-window": {
    "position": {
      "cc": {
        "CameraComponent": {
          "bottom": 10,
          "dock": false,
          "left": null,
          "right": 10,
          "top": null
        }
      }
    }
  }
}
